observation_date,A829RD3Q086SBEA
2008-01-01,84.484
2008-04-01,85.668
2008-07-01,86.826
2008-10-01,85.782
2009-01-01,84.679
2009-04-01,84.875
2009-07-01,85.317
2009-10-01,85.935
2010-01-01,86.793
2010-04-01,87.379
2010-07-01,87.840
2010-10-01,88.579
2011-01-01,89.480
2011-04-01,90.567
2011-07-01,91.030
2011-10-01,90.917
2012-01-01,92.019
2012-04-01,92.027
2012-07-01,92.574
2012-10-01,93.708
2013-01-01,94.775
2013-04-01,95.259
2013-07-01,96.012
2013-10-01,96.567
2014-01-01,97.339
2014-04-01,97.641
2014-07-01,98.159
2014-10-01,98.073
2015-01-01,97.172
2015-04-01,97.781
2015-07-01,97.844
2015-10-01,97.465
2016-01-01,96.683
2016-04-01,97.415
2016-07-01,97.720
2016-10-01,98.195
2017-01-01,99.101
2017-04-01,99.280
2017-07-01,100.160
2017-10-01,101.445
2018-01-01,102.756
2018-04-01,103.804
2018-07-01,104.734
2018-10-01,105.190
2019-01-01,104.676
2019-04-01,105.462
2019-07-01,105.878
2019-10-01,106.501
2020-01-01,107.818
2020-04-01,107.555
2020-07-01,109.322
2020-10-01,109.926
2021-01-01,112.355
2021-04-01,114.615
2021-07-01,117.218
2021-10-01,119.270
2022-01-01,121.898
2022-04-01,125.913
2022-07-01,126.198
2022-10-01,127.180
2023-01-01,127.366
2023-04-01,126.651
2023-07-01,128.388
2023-10-01,128.542
2024-01-01,129.564
2024-04-01,129.920
2024-07-01,130.493
2024-10-01,130.927
2025-01-01,132.141
2025-04-01,132.532
2025-07-01,134.063
2025-10-01,135.035
2026-01-01,136.816
2026-04-01,141.518
