observation_date,DHLCRG3Q086SBEA
2008-01-01,85.825
2008-04-01,86.295
2008-07-01,86.788
2008-10-01,87.306
2009-01-01,88.020
2009-04-01,88.551
2009-07-01,89.107
2009-10-01,89.958
2010-01-01,90.494
2010-04-01,90.982
2010-07-01,91.376
2010-10-01,91.757
2011-01-01,92.103
2011-04-01,92.670
2011-07-01,93.081
2011-10-01,93.418
2012-01-01,93.852
2012-04-01,94.307
2012-07-01,94.776
2012-10-01,95.003
2013-01-01,95.588
2013-04-01,95.493
2013-07-01,95.825
2013-10-01,96.266
2014-01-01,96.509
2014-04-01,96.802
2014-07-01,97.114
2014-10-01,97.086
2015-01-01,97.002
2015-04-01,97.312
2015-07-01,97.631
2015-10-01,97.764
2016-01-01,97.964
2016-04-01,98.312
2016-07-01,98.788
2016-10-01,99.161
2017-01-01,99.425
2017-04-01,99.791
2017-07-01,100.064
2017-10-01,100.720
2018-01-01,101.136
2018-04-01,101.728
2018-07-01,102.026
2018-10-01,102.570
2019-01-01,102.918
2019-04-01,103.418
2019-07-01,103.864
2019-10-01,104.551
2020-01-01,105.013
2020-04-01,106.062
2020-07-01,106.886
2020-10-01,107.290
2021-01-01,108.775
2021-04-01,109.253
2021-07-01,109.560
2021-10-01,109.994
2022-01-01,111.137
2022-04-01,111.532
2022-07-01,112.463
2022-10-01,112.971
2023-01-01,113.458
2023-04-01,114.415
2023-07-01,115.002
2023-10-01,115.723
2024-01-01,116.843
2024-04-01,117.342
2024-07-01,118.017
2024-10-01,118.994
2025-01-01,119.683
2025-04-01,120.566
2025-07-01,121.345
2025-10-01,122.267
2026-01-01,123.379
2026-04-01,124.227
